NAME OF THE IMAGE,Quadrant,vessel,x-cord,y-cord,MG,VarG ,StdG,MR,VarR,StdR,MH,VarH,StdH, GnDTruth,ClassOutput,,
01_test.tif,1,1,65,159,0.805664488,0.00149600581,0.03867823432,0.8557734205,0.001010295186,0.03178514096,0.8470588235,0.0008342945021,0.02888415659,v,0,,
01_test.tif,1,1,65,162,0.8165577342,0.0006335170234,0.02516976407,0.8509803922,0.0002729719339,0.0165218623,0.8326797386,0.003602460592,0.06002050143,v,0,,
01_test.tif,1,1,65,166,0.7816993464,0.0004113802384,0.02028251065,0.8640522876,0.00030757401,0.01753778806,0.805664488,0.004460250331,0.06678510561,v,0,,a=1
01_test.tif,1,1,65,169,0.8017429194,0.0008616344141,0.0293536099,0.85708061,0.0005425263787,0.02329219566,0.8540305011,0.002505873809,0.05005870363,v,1,,v=0
01_test.tif,1,1,65,172,0.7891067538,0.0003220983382,0.01794709832,0.85708061,0.0002695544449,0.01641811332,0.8409586057,0.002487931992,0.04987917393,v,1,,
01_test.tif,1,1,66,175,0.7912854031,0.0009718484344,0.03117448371,0.8644880174,0.0006347985817,0.0251952095,0.8183006536,0.0006574394464,0.02564058202,v,,,
01_test.tif,1,1,66,178,0.779956427,0.0001631850997,0.01277439234,0.8697167756,0.0001183305566,0.01087798495,0.8008714597,0.0006296723482,0.02509327297,v,11,,
01_test.tif,1,2,82,142,0.8758169935,0.001026528258,0.03203947968,0.9241830065,0.0005151864667,0.02269771942,0.860130719,0.0002960399846,0.01720581252,a,,,
01_test.tif,1,2,81,145,0.8522875817,0.001314878893,0.03626125884,0.9281045752,0.0006074586697,0.02464667665,0.837037037,0.0009961980435,0.03156260514,a,,,
01_test.tif,1,2,79,148,0.8705882353,0.002383698577,0.04882313568,0.9124183007,0.0004267589389,0.02065814461,0.8976034858,0.004200093981,0.06480813206,a,,,
01_test.tif,1,2,80,151,0.8209150327,0.001130334487,0.03362044745,0.888453159,0.0004233414499,0.02057526306,0.8488017429,0.0006540219574,0.025573853,a,,,
01_test.tif,1,2,79,154,0.8453159041,0.0007616728609,0.02759842135,0.8923747277,0.0004118074245,0.02029303882,0.8819172113,0.002585330428,0.05084614468,a,,,
01_test.tif,1,2,79,157,0.862745098,0.000861207228,0.02934633245,0.902832244,0.0002605835362,0.01614260005,0.8893246187,0.0005873809219,0.02423594277,a,,,
01_test.tif,1,2,79,160,0.8692810458,0.0005420991926,0.0232830237,0.9071895425,0.0002537485582,0.01592948707,0.9119825708,0.0004041180742,0.02010268823,a,,,
01_test.tif,2,1,130,172,0.7725490196,0.00153787005,0.03921568627,0.8635294118,0.001317954633,0.0363036449,0.8274509804,0.002883506344,0.05369828995,v,,,
01_test.tif,2,1,127,177,0.7364705882,0.0004029219531,0.02007291591,0.8376470588,0.0007658592849,0.02767416277,0.7960784314,0.004675124952,0.06837488539,v,,,
01_test.tif,2,1,125,180,0.7074509804,0.00123490965,0.03514128128,0.8556862745,0.0002106881968,0.01451510237,0.6941176471,0.00155324875,0.03941127695,v,,,
01_test.tif,2,1,123,182,0.768627451,0.002022299116,0.04496998016,0.871372549,0.001056516724,0.03250410319,0.7545098039,0.0008196847366,0.02863013686,v,,,
01_test.tif,2,2,149,151,0.7457013575,0.002529401907,0.05029315964,0.853092006,0.0008320271296,0.02884488047,0.7930618401,0.002860832619,0.0534867518,v,,,
01_test.tif,2,2,151,149,0.7577677225,0.001848401502,0.04299304016,0.855505279,0.0007095890141,0.02663811206,0.8138763198,0.003033744418,0.05507943734,v,,,
01_test.tif,2,2,154,147,0.7478129713,0.003602164848,0.06001803769,0.8536953243,0.001551671448,0.03939126106,0.744494721,0.001645126628,0.0405601606,v,,,
01_test.tif,2,2,156,145,0.7592760181,0.004266406412,0.06531773428,0.8455505279,0.002305622098,0.04801689388,0.7800904977,0.001098196946,0.03313905469,v,,,
01_test.tif,2,2,159,144,0.7740573152,0.002482477154,0.04982446341,0.8570135747,0.001170358541,0.03421050337,0.7731523379,0.0008377448516,0.02894382234,v,,,
01_test.tif,2,2,162,142,0.7779788839,0.004799534696,0.06927867418,0.8552036199,0.002566862844,0.0506642166,0.8268476621,0.001993710506,0.0446509855,v,,,
01_test.tif,2,2,164,141,0.7773755656,0.004068060608,0.06378135,0.8669683258,0.00214394858,0.04630279236,0.8123680241,0.001898875186,0.04357608502,v,,,
01_test.tif,2,3,137,179,0.8807843137,0.001019607843,0.0319312988,0.9152941176,0.0004044598231,0.02011118652,0.9325490196,0.0005643983083,0.0237570686,a,,,
01_test.tif,2,3,133,183,0.8729411765,0.0009965397924,0.03156801851,0.9137254902,0.0004536716647,0.02129956959,0.8988235294,0.0003260284506,0.01805625793,a,,,
01_test.tif,2,3,131,186,0.8878431373,0.001065743945,0.03264573394,0.9137254902,0.0004998077662,0.02235638088,0.9325490196,0.00007227989235,0.008501758192,a,,,
01_test.tif,3,1,119,341,0.8126696833,0.0009026114216,0.03004349217,0.8757164404,0.0003957057936,0.01989235516,0.8060331825,0.0008781632311,0.02963381904,v,,,
01_test.tif,3,1,121,344,0.8485671192,0.0009061603525,0.03010249745,0.8895927602,0.0004814716233,0.02194246165,0.8624434389,0.002174705981,0.04663374294,v,,,
01_test.tif,3,1,123,346,0.8368024133,0.002828497915,0.0531836245,0.9004524887,0.0008830923018,0.02971686898,0.8422322775,0.001543390609,0.03928601035,v,,,
01_test.tif,3,1,124,349,0.8494720965,0.001616143692,0.04020128968,0.9067873303,0.0007744555841,0.0278290421,0.8449472097,0.001603525271,0.04004404165,v,,,
01_test.tif,3,1,125,352,0.8769230769,0.001385463185,0.03722181061,0.9221719457,0.0005968118771,0.02442973346,0.8696832579,0.0006360472796,0.02521997779,v,,,
01_test.tif,3,1,125,355,0.8829562594,0.002598606059,0.05097652459,0.9058823529,0.001619889786,0.04024785443,0.9312217195,0.001347213596,0.0367044084,v,,,
01_test.tif,3,1,127,358,0.9007541478,0.001567050148,0.03958598424,0.9170437406,0.001147881978,0.033880407,0.9052790347,0.001314484567,0.03625582115,v,,,
01_test.tif,3,1,127,361,0.8917043741,0.00101893749,0.03192080026,0.9188536953,0.0005033566971,0.02243561225,0.8998491704,0.001706049941,0.04130435741,v,,,
01_test.tif,3,1,128,364,0.8618401207,0.001948363056,0.0441402657,0.8998491704,0.00113960114,0.0337579789,0.8826546003,0.000534311261,0.02311517382,v,,,
01_test.tif,3,1,129,367,0.8708898944,0.001313498753,0.03624222334,0.9064856712,0.0007121521308,0.02668617865,0.8838612368,0.0008241406165,0.02870784939,v,,,
01_test.tif,3,1,130,370,0.8778280543,0.003595658475,0.05996380971,0.9076923077,0.002539062885,0.05038911475,0.9022624434,0.000462543992,0.02150683594,v,,,
01_test.tif,3,1,132,373,0.833785822,0.003369315549,0.05804580561,0.8811463047,0.002515403346,0.05015379692,0.8742081448,0.001977345991,0.04446735872,v,,,
01_test.tif,3,1,133,376,0.7843137255,0.001865948994,0.04319663174,0.850678733,0.001551868611,0.0393937636,0.8090497738,0.002582044381,0.05081382077,v,,,
01_test.tif,3,1,135,378,0.7924585219,0.002420765189,0.04920127223,0.8549019608,0.001550685634,0.03937874596,0.8108597285,0.001781760467,0.0422109046,v,,,
01_test.tif,3,2,98,377,0.8728291317,0.004882078322,0.06987187075,0.9079365079,0.001940206148,0.0440477712,0.8761904762,0.001578733454,0.03973327893,a,,,
01_test.tif,3,2,101,379,0.864799253,0.004591494114,0.06776056459,0.9056956116,0.001607806521,0.04009746278,0.8692810458,0.001664488017,0.04079813743,a,,,
01_test.tif,3,2,104,380,0.8855275444,0.005374269969,0.07330941256,0.9163398693,0.002571831347,0.05071322655,0.8857142857,0.0005679134399,0.02383093452,a,,,
01_test.tif,3,2,106,381,0.8700280112,0.004435656616,0.06660072534,0.9090569561,0.00231083283,0.04807112262,0.8836601307,0.0009324618736,0.0305362387,a,,,
01_test.tif,3,2,110,382,0.8239028945,0.008561176104,0.09252662376,0.8700280112,0.004361838853,0.06604421892,0.8929971989,0.001256659527,0.03544939388,a,,,
01_test.tif,3,2,113,382,0.8065359477,0.00973369217,0.09865947582,0.8556489262,0.005477307263,0.07400883233,0.8928104575,0.0009355376137,0.03058655936,a,,,
01_test.tif,3,2,116,383,0.8339869281,0.008015891324,0.08953151023,0.8864612512,0.004395964922,0.06630207329,0.8722689076,0.001563354754,0.03953928115,a,,,
01_test.tif,3,2,119,382,0.8543417367,0.005513703521,0.07425431651,0.8978524743,0.003287160616,0.05733376506,0.8642390289,0.00125102067,0.03536977056,a,,,
01_test.tif,3,2,122,383,0.8422035481,0.008914886216,0.09441867514,0.8802987862,0.005538822065,0.07442326293,0.873015873,0.001037256733,0.03220647036,a,,,
01_test.tif,4,1,54,342,0.8845315904,0.0002311076936,0.0152022266,0.9206971678,0.0002298261352,0.01516001765,0.9050108932,0.0005104874194,0.02259396865,a,,,
01_test.tif,4,1,54,345,0.8901960784,0.0002614379085,0.01616904167,0.9193899782,0.0003502926225,0.01871610597,0.922875817,0.0001499423299,0.01224509411,a,,,
01_test.tif,4,1,55,348,0.8949891068,0.000560468196,0.02367420951,0.9233115468,0.0004156520996,0.02038754766,0.9320261438,0.00009996155325,0.009998077478,a,,,
01_test.tif,4,1,55,352,0.882788671,0.0005476526122,0.02340197881,0.9037037037,0.0003426032722,0.01850954544,0.9241830065,0.0002960399846,0.01720581252,a,,,
01_test.tif,4,1,55,355,0.9015250545,0.0004130889829,0.0203245906,0.9259259259,0.0001824084754,0.01350586818,0.917211329,0.0007629544192,0.02762162955,a,,,
01_test.tif,4,1,54,358,0.9058823529,0.0004998077662,0.02235638088,0.9254901961,0.0003267973856,0.01807753815,0.9298474946,0.0008936733735,0.02989437026,a,,,
01_test.tif,4,1,54,362,0.9124183007,0.0003613994617,0.01901050924,0.934204793,0.0001875347089,0.01369433127,0.9220043573,0.0001324276987,0.01150772344,a,,,
01_test.tif,4,1,52,365,0.9010893246,0.0006681190995,0.02584799991,0.9189542484,0.0003267973856,0.01807753815,0.9294117647,0.0006574394464,0.02564058202,a,,,
01_test.tif,4,2,25,322,0.8141176471,0.00123490965,0.03514128128,0.8517647059,0.001156478278,0.03400703277,0.8549019608,0.0003613994617,0.01901050924,v,,,
01_test.tif,4,2,26,320,0.8384313725,0.0007797001153,0.02792311077,0.8643137255,0.0003506343714,0.01872523355,0.8847058824,0.003956939639,0.06290421002,v,,,
01_test.tif,4,2,28,317,0.8368627451,0.001480968858,0.0384833582,0.8501960784,0.002086889658,0.04568248743,0.888627451,0.0003275663206,0.01809879335,v,,,
01_test.tif,4,2,29,314,0.8431372549,0.0004459823145,0.02111829336,0.8690196078,0.0007812379854,0.02795063479,0.831372549,0.0008381391772,0.02895063345,v,,,
02_test.tif,1,1,396,188,0.8021786492,0.0005925071554,0.02434146987,0.8919389978,0.0001234567901,0.01111111111,0.7921568627,0.004579008074,0.06766836834,v,,,
02_test.tif,1,1,398,191,0.7904139434,0.000427186125,0.02066848144,0.897167756,0.0000529710795,0.00727812335,0.779956427,0.002742962109,0.05237329576,v,,,
02_test.tif,1,1,401,193,0.7969498911,0.0009180229826,0.03029889408,0.9006535948,0.0002345251826,0.01531421505,0.7568627451,0.001814686659,0.04259913918,v,,,
02_test.tif,1,1,403,195,0.8074074074,0.001962493058,0.04430003452,0.9067538126,0.0004451279422,0.02109805541,0.7490196078,0.001883890811,0.04340381102,v,,,
02_test.tif,1,1,405,197,0.805664488,0.0008385663634,0.02895801035,0.8945533769,0.0001516510744,0.01231466907,0.8169934641,0.005759323337,0.07589020581,v,,,
02_test.tif,1,1,408,198,0.8383442266,0.001294801145,0.03598334538,0.8954248366,0.0003421760861,0.01849800222,0.8339869281,0.0008419838524,0.02901695801,v,,,
02_test.tif,1,1,411,200,0.8509803922,0.001430219146,0.03781823828,0.9093681917,0.0004746037849,0.02178540302,0.8230936819,0.002850613012,0.05339113234,v,,,
02_test.tif,1,1,413,202,0.8265795207,0.00177154086,0.04208967641,0.8919389978,0.000457943526,0.02139961509,0.8152505447,0.002020163185,0.04494622548,v,,,
02_test.tif,1,2,404,181,0.8688453159,0.001115382972,0.03339734978,0.9337690632,0.0004207783331,0.02051288213,0.8335511983,0.006105771285,0.07813943489,a,,,
02_test.tif,1,2,407,182,0.8779956427,0.0006745268914,0.02597165554,0.9350762527,0.0003810500235,0.01952050264,0.834422658,0.006085266351,0.07800811721,a,,,
02_test.tif,1,2,410,183,0.882788671,0.0008821393481,0.02970083076,0.934204793,0.0003874578154,0.01968394817,0.862745098,0.001841599385,0.04291386006,a,,,
02_test.tif,1,2,412,185,0.9054466231,0.0003285061301,0.01812473807,0.9472766885,0.0001734375667,0.01316956973,0.8479302832,0.002582767312,0.05082093379,a,,,
02_test.tif,1,2,415,186,0.8845315904,0.0009692853176,0.03113334736,0.9281045752,0.00030757401,0.01753778806,0.8849673203,0.00477893118,0.06912981398,a,,,
02_test.tif,1,2,418,188,0.8919389978,0.0005002349524,0.02236593285,0.9294117647,0.0001691657055,0.01300637173,0.8819172113,0.0008706053227,0.0295060218,a,,,
02_test.tif,1,2,420,190,0.917211329,0.0001439617241,0.01199840507,0.9424836601,0.000153787005,0.01240108886,0.8644880174,0.0005886624802,0.02426236757,a,,,
02_test.tif,1,2,423,191,0.9023965142,0.0004438463839,0.02106766204,0.9437908497,0.0001307189542,0.01143323901,0.8736383442,0.001164082191,0.03411864872,a,,,
02_test.tif,1,2,426,193,0.8823529412,0.000461361015,0.02147931598,0.9289760349,0.0002170105515,0.014731278,0.8823529412,0.0001614763552,0.0127073347,a,,,
02_test.tif,1,2,428,195,0.8810457516,0.0005382545175,0.02320031287,0.9241830065,0.00005767012687,0.007594084993,0.8958605664,0.0008116536375,0.02848953558,a,,,
02_test.tif,2,1,456,159,0.8732026144,0.0001768550557,0.01329868624,0.897167756,0.0001798453586,0.01341064348,0.8662309368,0.003873296595,0.06223581441,v,,,
02_test.tif,2,1,458,161,0.8535947712,0.001107266436,0.03327561323,0.8897603486,0.0002669913281,0.01633986928,0.8374727669,0.009600580973,0.09798255443,v,,,
02_test.tif,2,1,459,164,0.8653594771,0.0004652056901,0.02156862745,0.8989106754,0.000252894186,0.01590264714,0.8705882353,0.003341022684,0.05780158029,v,,,
02_test.tif,2,1,461,167,0.8540305011,0.0004489726174,0.02118897396,0.8949891068,0.0003490110641,0.01868183781,0.8562091503,0.004582852749,0.06769677059,v,,,
02_test.tif,2,1,462,169,0.8688453159,0.001065402196,0.03264049932,0.8919389978,0.0004925456021,0.02219336843,0.8832244009,0.004812678884,0.06937347392,v,,,
02_test.tif,2,1,465,171,0.8518518519,0.0001760006835,0.01326652492,0.9089324619,0.0000529710795,0.00727812335,0.8156862745,0.003425605536,0.05852867277,v,,,
02_test.tif,2,1,467,174,0.8440087146,0.0004182152164,0.02045031091,0.8962962963,0.0001772822419,0.01331473777,0.8409586057,0.004225725148,0.06500557783,v,,,
02_test.tif,2,1,468,177,0.831372549,0.001495578624,0.03867271161,0.8871459695,0.0003797684651,0.01948764904,0.8379084967,0.004894271434,0.06995906971,v,,,
02_test.tif,2,1,470,180,0.8453159041,0.0006694006579,0.02587277832,0.8941176471,0.00006920415225,0.008318903308,0.8501089325,0.003097953778,0.05565926498,v,,,
02_test.tif,2,1,470,183,0.8488017429,0.001234567901,0.03513641845,0.8806100218,0.0002887778205,0.01699346405,0.8984749455,0.001458840617,0.03819477211,v,,,
02_test.tif,2,1,471,186,0.8453159041,0.001119227647,0.03345485985,0.8819172113,0.000263146653,0.01622179562,0.8653594771,0.002260668973,0.04754649276,v,,,
02_test.tif,2,1,472,189,0.8483660131,0.0005305651672,0.02303400024,0.8932461874,0.000037592379,0.006131262431,0.8910675381,0.002040668119,0.04517375476,v,,,
02_test.tif,2,1,473,192,0.8235294118,0.000246059208,0.01568627451,0.8901960784,0.0001883890811,0.0137254902,0.8623093682,0.002892904438,0.05378572709,v,,,
02_test.tif,2,1,473,194,0.8318082789,0.0003938656072,0.01984604765,0.8819172113,0.0001247383485,0.01116863235,0.9002178649,0.003383741296,0.05816993464,v,,,
02_test.tif,2,2,501,162,0.8737254902,0.0004490580546,0.02119098994,0.9184313725,0.0001414840446,0.01189470658,0.8447058824,0.001211841599,0.03481151533,a,,,
02_test.tif,2,2,501,165,0.8839215686,0.001096501346,0.0331134617,0.9082352941,0.0004505959246,0.02122724487,0.888627451,0.007463283353,0.08639029663,a,,,
02_test.tif,2,2,502,169,0.8894117647,0.001356401384,0.03682935492,0.9239215686,0.0003583237216,0.01892944061,0.9050980392,0.001625528643,0.04031784522,a,,,
02_test.tif,2,2,503,172,0.8823529412,0.00003844675125,0.006200544432,0.9278431373,0.0007197231834,0.02682765706,0.8619607843,0.005893118032,0.07676664661,a,,,
02_test.tif,2,2,503,175,0.897254902,0.0001568627451,0.01252448582,0.9270588235,0.0001430219146,0.01195917701,0.8854901961,0.003117262591,0.05583245106,a,,,
02_test.tif,2,2,503,178,0.888627451,0.0002891195694,0.01700351638,0.9262745098,0.0002029988466,0.01424776637,0.9152941176,0.0008043060361,0.02836028978,a,,,
02_test.tif,2,2,503,181,0.8705882353,0.000461361015,0.02147931598,0.9223529412,0.0003029603998,0.01740575766,0.8698039216,0.0001491733948,0.01221365608,a,,,
02_test.tif,2,2,503,184,0.8698039216,0.00002614379085,0.005113099926,0.9254901961,0.00009996155325,0.009998077478,0.8470588235,0.001145713187,0.0338483853,a,,,
02_test.tif,2,2,503,187,0.8847058824,0.0006505190311,0.02550527457,0.9215686275,0.0004998077662,0.02235638088,0.9176470588,0.0007843137255,0.02800560168,a,,,
02_test.tif,2,2,503,190,0.8894117647,0.0006874279123,0.02621884651,0.9301960784,0.00001076509035,0.003281019712,0.9090196078,0.001456362937,0.03816232353,a,,,
02_test.tif,2,2,503,193,0.8533333333,0.0001584006151,0.01258573062,0.911372549,0.0001353325644,0.01163325253,0.8729411765,0.0001968473664,0.01403023045,a,,,
02_test.tif,2,2,502,196,0.8737254902,0.0002260668973,0.01503552119,0.9207843137,0.00007227989235,0.008501758192,0.8760784314,0.0003890811226,0.01972513936,a,,,
02_test.tif,2,2,502,200,0.8596078431,0.0001645520953,0.01282778607,0.9090196078,0.0000953479431,0.009764627136,0.9270588235,0.0006966551326,0.02639422537,a,,,
02_test.tif,2,2,502,203,0.8807843137,0.0001276432141,0.01129792964,0.9160784314,0.00008150711265,0.009028128967,0.9058823529,0.0007304882737,0.02702754657,a,,,
02_test.tif,2,2,502,206,0.8674509804,0.0004106113033,0.02026354617,0.9152941176,0.0002737408689,0.01654511616,0.8815686275,0.001894655902,0.04352764526,a,,,
02_test.tif,2,3,523,205,0.8697167756,0.0002567388611,0.01602307277,0.9098039216,0.0007958477509,0.02821077367,0.8897603486,0.002527660302,0.05027584213,v,,,
02_test.tif,2,3,521,207,0.8505446623,0.0007321970182,0.02705913927,0.8923747277,0.0003541372976,0.01881853601,0.8509803922,0.009407920031,0.09699443299,v,,,
02_test.tif,2,3,519,210,0.8431372549,0.0009419454056,0.0306911291,0.8945533769,0.0002131658764,0.01460020124,0.8226579521,0.003378615063,0.05812585537,v,,,
02_test.tif,2,3,518,212,0.8592592593,0.0002516126276,0.01586230209,0.8849673203,0.0002422145329,0.01556324301,0.8962962963,0.002634029647,0.05132279851,v,,,
02_test.tif,2,3,516,215,0.8474945534,0.001343500363,0.03665379057,0.882788671,0.0004553804092,0.02133964407,0.8723311547,0.004029646717,0.0634794984,v,,,
02_test.tif,2,3,516,218,0.8392156863,0.001491733948,0.03862297177,0.9023965142,0.0009052073989,0.0300866648,0.8283224401,0.001083344013,0.03291419167,v,,,
02_test.tif,3,1,476,381,0.8348583878,0.002131658764,0.04616989023,0.9159041394,0.0002926224956,0.01710621219,0.8117647059,0.004502114571,0.06709779856,v,,,
02_test.tif,3,1,478,383,0.8366013072,0.00198769704,0.04458359608,0.9180827887,0.0007321970182,0.02705913927,0.8052287582,0.00214532872,0.04631769338,v,,,
02_test.tif,3,1,480,386,0.8331154684,0.002653253022,0.05150973716,0.9093681917,0.0007168183177,0.02677346294,0.8126361656,0.003347857662,0.05786067457,v,,,
02_test.tif,3,1,482,389,0.8331154684,0.002161134606,0.04648800497,0.9006535948,0.0006728181469,0.02593873834,0.7960784314,0.0008381391772,0.02895063345,v,,,
02_test.tif,3,1,486,389,0.85708061,0.001853560596,0.04305299753,0.91416122,0.0001055149729,0.01027204813,0.8204793028,0.003836131402,0.06193651106,v,,,
02_test.tif,3,1,487,391,0.8291938998,0.001868939297,0.04323123057,0.9019607843,0.0003767781622,0.01941077439,0.8213507625,0.00211115383,0.04594729404,v,,,
02_test.tif,3,1,495,396,0.8178649237,0.0004194967747,0.02048162041,0.9089324619,0.0001529326327,0.01236659342,0.8026143791,0.003775470973,0.06144486124,v,,,
02_test.tif,3,2,470,393,0.8823529412,0.00186082276,0.0431372549,0.9725490196,0,0,0.8501960784,0.006654363706,0.08157428336,a,,,
02_test.tif,3,2,473,399,0.8666666667,0.000215301807,0.01467316622,0.9725490196,0,0,0.8290196078,0.001396386005,0.03736824863,a,,,
02_test.tif,3,2,475,401,0.8345098039,0.0002875816993,0.01695823397,0.9709803922,0.00001999231065,0.004471276177,0.76,0.004578239139,0.06766268646,a,,,
02_test.tif,3,2,476,403,0.8603921569,0.0009888504421,0.03144599247,0.9654901961,0.00004152249135,0.006443794794,0.8149019608,0.0004644367551,0.02155079477,a,,,
02_test.tif,4,1,405,358,0.8069716776,0.001267888419,0.03560742084,0.9472766885,0.000150369516,0.01226252486,0.6980392157,0.002337562476,0.04834834512,v,,,
02_test.tif,4,1,402,359,0.8122004357,0.001654919048,0.04068069626,0.9446623094,0.0002708360032,0.01645709583,0.7520697168,0.002617369388,0.05116023248,v,,,
02_test.tif,4,1,399,361,0.805664488,0.001580588662,0.03975661785,0.9411764706,0.0002268358324,0.01506107009,0.722875817,0.002575932334,0.05075364355,v,,,
02_test.tif,4,1,397,362,0.7917211329,0.001927890982,0.04390775538,0.9385620915,0.0002114571319,0.01454156566,0.7119825708,0.004840873168,0.0695763837,v,,,
02_test.tif,4,1,394,364,0.7912854031,0.002121406297,0.04605872661,0.9333333333,0.0005882352941,0.0242535625,0.7198257081,0.003318381819,0.05760539748,v,,,
02_test.tif,4,1,391,365,0.7851851852,0.002059891495,0.04538602753,0.94291939,0.0001849715921,0.01360042617,0.7015250545,0.002731428083,0.05226306615,v,,,
02_test.tif,4,1,388,366,0.7690631808,0.0024661455,0.04966030104,0.9355119826,0.000211884318,0.0145562467,0.7167755991,0.001956085266,0.04422765273,v,,,
02_test.tif,4,1,385,368,0.7642701525,0.003727198941,0.06105078984,0.9437908497,0.0002883506344,0.01698089027,0.6679738562,0.002222222222,0.04714045208,v,,,
02_test.tif,4,1,382,370,0.7882352941,0.004632833526,0.0680649214,0.9459694989,0.0007488572771,0.02736525675,0.7037037037,0.001884317997,0.04340873181,v,,,
02_test.tif,4,1,379,371,0.779956427,0.003019778718,0.0549525133,0.9529411765,0.000215301807,0.01467316622,0.74291939,0.001407578282,0.03751770624,v,,,
02_test.tif,4,1,377,373,0.7481481481,0.005331710026,0.07301855946,0.9433551198,0.0005271476782,0.02295969682,0.7132897603,0.001028237003,0.03206613483,v,,,
02_test.tif,4,1,375,375,0.7834422658,0.003997607758,0.06322663804,0.959912854,0.0002259814601,0.01503267974,0.7119825708,0.001415267632,0.03762004296,v,,,
02_test.tif,4,1,373,378,0.8148148148,0.004355162544,0.06599365533,0.9498910675,0.0005989149472,0.02447273886,0.7355119826,0.001234567901,0.03513641845,v,,,
02_test.tif,4,2,392,349,0.8440087146,0.002106027596,0.04589147629,0.9703703704,0.000027339912,0.00522875817,0.7729847495,0.004323123585,0.06575046452,a,,,
02_test.tif,4,2,389,349,0.8684095861,0.003502926225,0.05918552378,0.9725490196,0,0,0.785620915,0.003141099577,0.05604551344,a,,,
02_test.tif,4,2,386,348,0.851416122,0.002254688368,0.04748355892,0.9725490196,0,0,0.7986928105,0.005524798155,0.07432898596,a,,,
02_test.tif,4,2,383,347,0.8779956427,0.002792942885,0.05284830068,0.9725490196,0,0,0.8039215686,0.003102652826,0.05570146161,a,,,
02_test.tif,4,2,380,346,0.8623093682,0.001658763723,0.04072792314,0.9725490196,0,0,0.8230936819,0.001182024008,0.03438057603,a,,,
02_test.tif,4,2,377,344,0.8849673203,0.0005690119185,0.02385397071,0.9725490196,0,0,0.8357298475,0.003162031697,0.05623194552,a,,,
02_test.tif,4,2,374,343,0.851416122,0.001016702977,0.03188578018,0.9725490196,0,0,0.7851851852,0.001760006835,0.04195243539,a,,,
02_test.tif,4,2,371,341,0.8440087146,0.002267503951,0.04761831529,0.9725490196,0,0,0.7638344227,0.001513947627,0.03890947991,a,,,
02_test.tif,4,2,368,340,0.8379084967,0.002998846597,0.05476172566,0.9725490196,0,0,0.7555555556,0.003913879277,0.06256100445,a,,,
02_test.tif,4,2,365,340,0.814379085,0.0007804690504,0.02793687617,0.9725490196,0,0,0.7403050109,0.00423213294,0.06505484563,a,,,
02_test.tif,4,2,362,339,0.8174291939,0.003387585971,0.05820297219,0.9725490196,0,0,0.7193899782,0.008697082319,0.09325814881,a,,,
02_test.tif,4,2,359,339,0.8082788671,0.003192789098,0.05650477058,0.9725490196,0,0,0.7215686275,0.006116878124,0.07821047324,a,,,
02_test.tif,4,2,356,339,0.7938997821,0.0006347985817,0.0251952095,0.9725490196,0,0,0.7233115468,0.004079627494,0.06387196172,a,,,
02_test.tif,4,2,353,338,0.8017429194,0.0003118458712,0.01765915828,0.9725490196,0,0,0.7507625272,0.002760903926,0.05254430441,a,,,
02_test.tif,4,3,429,362,0.8270152505,0.001170489982,0.03421242439,0.9725490196,0,0,0.7738562092,0.001207227989,0.03474518656,a,,,
02_test.tif,4,3,426,364,0.8474945534,0.0007629544192,0.02762162955,0.9725490196,0,0,0.8135076253,0.003137682088,0.05601501663,a,,,
02_test.tif,4,3,424,366,0.8492374728,0.0005925071554,0.02434146987,0.9725490196,0,0,0.8008714597,0.001037207911,0.0322057124,a,,,
02_test.tif,4,3,421,368,0.8618736383,0.001421675424,0.03770511138,0.9725490196,0,0,0.8309368192,0.001693365799,0.04115052611,a,,,
02_test.tif,4,3,419,370,0.8505446623,0.001301208937,0.03607227379,0.9725490196,0,0,0.8052287582,0.002037677816,0.04514064484,a,,,
02_test.tif,4,3,417,372,0.8562091503,0.001253364091,0.03540288252,0.9725490196,0,0,0.7991285403,0.0009218676577,0.03036227359,a,,,
02_test.tif,4,3,414,374,0.831372549,0.00122260669,0.03496579314,0.9725490196,0,0,0.7577342048,0.00100645051,0.03172460418,a,,,
02_test.tif,4,3,412,375,0.8139433551,0.00244179589,0.04941453117,0.9725490196,0,0,0.768627451,0.001826220684,0.04273430337,a,,,
02_test.tif,4,3,409,377,0.8318082789,0.0017087445,0.04133696288,0.9725490196,0,0,0.7930283224,0.001494724251,0.03866166385,a,,,
02_test.tif,4,3,407,379,0.8518518519,0.0009334016831,0.03055162325,0.9725490196,0,0,0.8074074074,0.001055149729,0.03248306834,a,,,
02_test.tif,4,3,404,381,0.8727668845,0.001565209962,0.03956273451,0.9725490196,0,0,0.8453159041,0.002241872784,0.04734841902,a,,,
02_test.tif,4,3,402,384,0.8265795207,0.001129480114,0.03360773891,0.9725490196,0,0,0.7450980392,0.0009381007305,0.0306284301,a,,,
02_test.tif,4,3,400,386,0.8453159041,0.000519458328,0.02279162846,0.9725490196,0,0,0.7991285403,0.001033363236,0.03214596765,a,,,
02_test.tif,4,3,399,389,0.8579520697,0.0006642744244,0.02577352177,0.9725490196,0,0,0.794335512,0.0007924302619,0.02815013787,a,,,
02_test.tif,4,3,397,391,0.8527233115,0.0009539066171,0.03088537869,0.9725490196,0,0,0.8139433551,0.001388354906,0.03726063481,a,,,
02_test.tif,4,4,450,367,0.7468409586,0.000827032338,0.02875816993,0.9660130719,0.00009996155325,0.009998077478,0.7555555556,0.003348712034,0.05786805711,v,,,
02_test.tif,4,4,449,370,0.7198257081,0.0004425648255,0.02103722476,0.9625272331,0.00006963133837,0.008344539435,0.7220043573,0.00109359648,0.0330695703,v,,,
02_test.tif,4,4,447,373,0.7651416122,0.001132043231,0.03364585013,0.9708061002,0.000027339912,0.00522875817,0.7459694989,0.002486650434,0.04986632565,v,,,
02_test.tif,4,4,446,376,0.7803921569,0.0001614763552,0.0127073347,0.9725490196,0,0,0.7843137255,0.001630142253,0.04037502016,v,,,
02_test.tif,4,4,444,378,0.7877995643,0.002769874834,0.05262960036,0.9725490196,0,0,0.7930283224,0.004874193686,0.06981542585,v,,,
02_test.tif,4,4,442,381,0.794335512,0.0019765902,0.04445885964,0.9725490196,0,0,0.7912854031,0.003932248281,0.06270764133,v,,,
02_test.tif,4,4,441,384,0.765577342,0.0008603528557,0.02933177212,0.9725490196,0,0,0.7494553377,0.002539194327,0.050390419,v,,,
02_test.tif,4,4,440,387,0.7355119826,0.0007270707847,0.02696425012,0.9725490196,0,0,0.7333333333,0.003602460592,0.06002050143,v,,,
02_test.tif,4,4,439,390,0.7564270153,0.0005514972874,0.02348397938,0.9725490196,0,0,0.7233115468,0.002203426033,0.04694066502,v,,,
02_test.tif,4,4,437,392,0.788671024,0.001262762185,0.03553536528,0.9725490196,0,0,0.7525054466,0.003734888291,0.06111373242,v,,,
02_test.tif,4,4,435,395,0.7995642702,0.0009474988252,0.03078146886,0.9725490196,0,0,0.759912854,0.002863428596,0.05351101378,v,,,
02_test.tif,4,4,433,397,0.7721132898,0.001989405784,0.04460275534,0.9725490196,0,0,0.7307189542,0.001776239908,0.04214546129,v,,,
02_test.tif,4,4,432,400,0.739869281,0.001764705882,0.04200840252,0.9725490196,0,0,0.7124183007,0.004025374856,0.06344584191,v,,,
02_test.tif,4,4,430,403,0.7437908497,0.0008035371011,0.02834672999,0.9725490196,0,0,0.7416122004,0.003619548037,0.06016267977,v,,,
02_test.tif,4,4,429,405,0.7572984749,0.0003285061301,0.01812473807,0.9725490196,0,0,0.7468409586,0.002664787048,0.05162157541,v,,,
03_test.tif,1,1,78,183,0.8013071895,0.008795591439,0.09378481454,0.9219421102,0.00104099156,0.03226440082,0.8517273576,0.001268156936,0.03561119116,v,,,
03_test.tif,1,1,75,185,0.7592903828,0.004562054887,0.06754298548,0.9062558357,0.0004981234324,0.022318679,0.8394024276,0.001455557386,0.0381517678,v,,,
03_test.tif,1,1,72,188,0.729038282,0.007606158803,0.08721329488,0.8954248366,0.001009355376,0.03177035373,0.814379085,0.002381135461,0.04879687962,v,,,
03_test.tif,1,1,71,191,0.739869281,0.00789593746,0.08885908766,0.8907563025,0.001129236008,0.03360410701,0.8366013072,0.002808663335,0.05299682382,v,,,
03_test.tif,1,1,70,194,0.7505135387,0.008935757309,0.09452913471,0.899719888,0.001055857637,0.03249396309,0.8216619981,0.001503451054,0.03877436078,v,,,
03_test.tif,1,1,69,197,0.7133520075,0.00596525146,0.07723504036,0.8784313725,0.001111880046,0.03334486536,0.8250233427,0.004454403984,0.06674132141,v,,,
03_test.tif,1,1,69,200,0.7170868347,0.004681715824,0.068423065,0.8763772176,0.000839091192,0.02896707082,0.8244631186,0.004147489061,0.06440100202,v,,,
03_test.tif,1,1,69,203,0.7325863679,0.006123212684,0.07825095963,0.8929971989,0.0006984126984,0.02642749891,0.80410831,0.004505153695,0.06712044171,v,,,
03_test.tif,1,1,69,206,0.7195144725,0.006443089654,0.08026885856,0.8883286648,0.0008744622032,0.02957130709,0.8013071895,0.00512161989,0.07156549371,v,,,
03_test.tif,1,1,69,209,0.7297852474,0.004284359495,0.06545501887,0.9004668534,0.0004990022153,0.02233835749,0.8097105509,0.003513447209,0.05927433854,v,,,
03_test.tif,1,1,69,212,0.7490196078,0.005005767013,0.0707514453,0.8961718021,0.0009898024569,0.03146112612,0.8407096172,0.002039948005,0.04516578357,v,,,
03_test.tif,2,1,114,184,0.7677559913,0.004758853432,0.06898444341,0.9459694989,0.0002913409372,0.01706871223,0.8039215686,0.001587850827,0.03984784595,a,,,
03_test.tif,2,1,111,186,0.8122004357,0.001531889444,0.03913935927,0.9481481481,0.0003951471656,0.01987830892,0.8745098039,0.003344867359,0.05783482825,a,,,
03_test.tif,2,1,110,188,0.8291938998,0.002495621342,0.04995619423,0.94291939,0.0001965056175,0.01401804614,0.8793028322,0.002736554317,0.05231208576,a,,,
03_test.tif,2,1,107,191,0.651416122,0.0005630313127,0.02372828086,0.9111111111,0.0001191849289,0.01091718503,0.8052287582,0.002379853902,0.04878374629,a,,,
03_test.tif,2,1,106,193,0.6396514161,0.0004053996326,0.0201345383,0.9098039216,0.0005459438677,0.02336544174,0.7904139434,0.004110384895,0.06411228349,a,,,
03_test.tif,2,1,104,196,0.7202614379,0.00139561707,0.03735795859,0.9263616558,0.00009141783075,0.009561267215,0.8230936819,0.0006360801401,0.02522062926,a,,,
03_test.tif,2,1,102,198,0.7324618736,0.005270195224,0.07259611025,0.9193899782,0.0005617497544,0.02370126061,0.8270152505,0.0006360801401,0.02522062926,a,,,
03_test.tif,2,1,100,201,0.6810457516,0.00662437524,0.08139026502,0.9206971678,0.001275577769,0.03571523161,0.8087145969,0.007111794609,0.08433145682,a,,,
03_test.tif,2,1,98,204,0.6366013072,0.0006228373702,0.02495670992,0.9015250545,0.0001247383485,0.01116863235,0.7912854031,0.0008180614294,0.02860177319,a,,,
03_test.tif,2,1,97,206,0.6736383442,0.003697723098,0.0608089064,0.9102396514,0.0003592635311,0.01895424837,0.7755991285,0.00115639284,0.03400577657,a,,,
03_test.tif,2,1,96,209,0.7564270153,0.004549959417,0.067453387,0.9407407407,0.0002246999017,0.01498999339,0.8082788671,0.00431927891,0.06572122115,a,,,
03_test.tif,2,1,94,211,0.7808278867,0.002858302362,0.05346309346,0.9294117647,0.0001960784314,0.01400280084,0.8631808279,0.001774103977,0.04212011369,a,,,
03_test.tif,3,1,132,379,0.7368191721,0.003750266991,0.06123942351,0.9185185185,0.000498953394,0.02233726469,0.8535947712,0.001349480969,0.03673528234,a,,,
03_test.tif,3,1,135,380,0.6762527233,0.001165363749,0.03413742446,0.9128540305,0.000222136785,0.01490425392,0.8409586057,0.00151907386,0.03897529808,a,,,
03_test.tif,3,1,138,382,0.7389978214,0.003014652484,0.05490585109,0.9424836601,0.0007881584006,0.02807415895,0.8474945534,0.002027852535,0.04503168368,a,,,
03_test.tif,3,1,140,384,0.7080610022,0.004352599428,0.06597423306,0.9263616558,0.0002990302875,0.01729249223,0.8553376906,0.001604938272,0.04006168084,a,,,
03_test.tif,3,1,145,388,0.8614379085,0.002941176471,0.05423261445,0.9568627451,0.0002921953095,0.01709372135,0.9041394336,0.002168823957,0.04657063406,a,,,
03_test.tif,3,1,147,388,0.9246187364,0.001740783459,0.04172269717,0.9725490196,0.0002383698577,0.01543923113,0.8980392157,0.0009073433295,0.03012214019,a,,,
03_test.tif,3,2,124,364,0.7734204793,0.005101029519,0.07142149199,0.9058823529,0.000522875817,0.02286647802,0.8169934641,0.001460976547,0.03822272292,v,,,
03_test.tif,3,2,127,365,0.7154684096,0.002922380281,0.0540590444,0.8928104575,0.0001922337562,0.01386483885,0.794335512,0.0001888162672,0.01374104316,v,,,
03_test.tif,3,2,130,367,0.7250544662,0.002266222393,0.04760485682,0.8949891068,0.000129864582,0.01139581423,0.7912854031,0.0007603913025,0.02757519361,v,,,
03_test.tif,3,2,133,368,0.7063180828,0.01123969413,0.1060174237,0.9032679739,0.0006382160707,0.02526293868,0.7477124183,0.006132256824,0.07830872764,v,,,
03_test.tif,3,2,135,370,0.7368191721,0.002912127814,0.05396413452,0.9202614379,0.0002076124567,0.01440876319,0.7647058824,0.005048058439,0.07104968993,v,,,
03_test.tif,3,2,138,371,0.768627451,0.001783929258,0.04223658672,0.9294117647,0.0001691657055,0.01300637173,0.7978213508,0.003345294545,0.05783852129,v,,,
03_test.tif,4,1,53,341,0.7721132898,0.001405015165,0.03748353192,0.8962962963,0.0001426801657,0.01194488032,0.8736383442,0.002271348627,0.04765866791,v,,,
03_test.tif,4,1,51,344,0.7851851852,0.00206373617,0.04542836305,0.8989106754,0.000929557008,0.03048863736,0.8893246187,0.007742321329,0.08799046158,v,,,
03_test.tif,4,1,50,347,0.7507625272,0.001322995429,0.03637300413,0.8993464052,0.0002383698577,0.01543923113,0.8387799564,0.000878294673,0.02963603673,v,,,
03_test.tif,4,1,48,350,0.7403050109,0.002755777692,0.05249550164,0.8949891068,0.0005374001452,0.02318189262,0.882788671,0.001447306591,0.0380434829,v,,,
03_test.tif,4,1,47,352,0.728540305,0.006035285574,0.07768710043,0.8984749455,0.0007052842924,0.02655718909,0.8832244009,0.001041052587,0.03226534653,v,,,
03_test.tif,4,1,46,356,0.7516339869,0.001710880431,0.04136279041,0.9071895425,0.0004998077662,0.02235638088,0.8697167756,0.002244435901,0.04737547784,v,,,
03_test.tif,4,1,45,359,0.7921568627,0.003164167628,0.05625093446,0.9215686275,0.0007650903499,0.02766026663,0.8026143791,0.0009342560554,0.03056560249,v,,,
03_test.tif,4,1,44,361,0.7860566449,0.003795121534,0.06160455774,0.9189542484,0.0005497885429,0.02344757008,0.8222222222,0.001426374471,0.03776737311,v,,,
03_test.tif,4,1,43,364,0.711546841,0.002053483703,0.04531538042,0.9071895425,0.0002845059592,0.01686730445,0.7790849673,0.001453287197,0.03812200411,v,,,
03_test.tif,4,1,42,367,0.7969498911,0.004285958392,0.06546723144,0.8958605664,0.0004810115767,0.02193197612,0.8501089325,0.007857661583,0.088643452,v,,,
04_test.tif,1,1,225,276,0.6488017429,0.001472937759,0.03837887126,0.8701525054,0.0002208552266,0.01486119869,0.5389978214,0.01492161135,0.1221540476,v,,,
04_test.tif,1,1,228,275,0.6854030501,0.004793455509,0.06923478539,0.8666666667,0.0002383698577,0.01543923113,0.6165577342,0.01879576231,0.1370976379,v,,,
04_test.tif,1,1,231,275,0.6662309368,0.0008821393481,0.02970083076,0.8549019608,0.0003344867359,0.01828897854,0.6117647059,0.0161976163,0.1272698562,v,,,
04_test.tif,1,1,235,275,0.6906318083,0.0008552266222,0.02924425794,0.8897603486,0.0002554573027,0.01598303171,0.5437908497,0.003590926567,0.05992434035,v,,,
04_test.tif,1,1,238,274,0.6749455338,0.001224315434,0.03499021912,0.8901960784,0.0003575547866,0.01890911914,0.5777777778,0.005155709343,0.07180326833,v,,,
04_test.tif,1,1,241,273,0.6797385621,0.001457131872,0.03817239673,0.8888888889,0.00006920415225,0.008318903308,0.5416122004,0.002858302362,0.05346309346,v,,,
04_test.tif,1,1,244,272,0.6605664488,0.002403349139,0.04902396495,0.8736383442,0.0002644282114,0.01626124876,0.5660130719,0.00829680892,0.09108682078,v,,,
04_test.tif,1,1,247,272,0.6244008715,0.001586996454,0.03983712407,0.8636165577,0.0001990687342,0.01410917199,0.5215686275,0.004582852749,0.06769677059,v,,,
04_test.tif,1,1,250,272,0.6422657952,0.001125635439,0.0335504909,0.8583877996,0.0001170489982,0.01081891853,0.5150326797,0.0002345251826,0.01531421505,v,,,
04_test.tif,1,1,253,272,0.6431372549,0.001933871588,0.04397580685,0.865795207,0.000314408988,0.01773158166,0.522875817,0.005505574779,0.0741995605,v,,,
04_test.tif,1,1,256,272,0.6636165577,0.002013755393,0.044874886,0.8779956427,0.0001208936734,0.01099516591,0.5206971678,0.006950318254,0.08336856874,v,,,
04_test.tif,1,1,259,272,0.671459695,0.001521636977,0.03900816552,0.877124183,0.0001499423299,0.01224509411,0.5446623094,0.00356187791,0.05968147041,v,,,
04_test.tif,1,1,262,273,0.7032679739,0.0007151095732,0.02674153274,0.8775599129,0.0002106027596,0.01451215903,0.6196078431,0.003648596694,0.0604036149,v,,,
04_test.tif,1,1,266,273,0.682788671,0.001347345038,0.03670619891,0.8727668845,0.0003426032722,0.01850954544,0.5616557734,0.00591994532,0.07694118091,v,,,
04_test.tif,1,1,269,273,0.6623093682,0.000878294673,0.02963603673,0.8675381264,0.0002336708104,0.01528629485,0.5381263617,0.004455124098,0.06674671601,v,,,
04_test.tif,1,1,272,273,0.6509803922,0.0005651672434,0.02377324638,0.8653594771,0.00004229142637,0.006503185863,0.5455337691,0.0001593404246,0.01262301171,v,,,
04_test.tif,1,1,275,272,0.6505446623,0.000509205861,0.0225655902,0.8688453159,0.0001234567901,0.01111111111,0.488453159,0.001730530992,0.04159965135,v,,,
04_test.tif,1,2,231,236,0.7947712418,0.0002691272587,0.01640509856,0.9407407407,0.0001939425007,0.01392632402,0.7363834423,0.005227903798,0.07230424467,a,,,
04_test.tif,1,2,234,237,0.7725490196,0.0005459438677,0.02336544174,0.9350762527,0.0001580588662,0.01257214645,0.7220043573,0.002320047845,0.04816687497,a,,,
04_test.tif,1,2,237,238,0.7694989107,0.0002644282114,0.01626124876,0.9394335512,0.0002926224956,0.01710621219,0.6701525054,0.001954803708,0.04421316216,a,,,
04_test.tif,1,2,240,239,0.768627451,0.0006343713956,0.02518673055,0.9333333333,0.0001038062284,0.01018853416,0.677124183,0.003175701653,0.05635336417,a,,,
04_test.tif,1,2,243,240,0.7908496732,0.001468665898,0.03832317703,0.9394335512,0.0001119227647,0.01057935559,0.6945533769,0.005599555726,0.07483017925,a,,,
04_test.tif,1,2,246,240,0.7795206972,0.0007603913025,0.02757519361,0.9311546841,0.00005425263787,0.007365639,0.688453159,0.003825878935,0.06185368975,a,,,
04_test.tif,1,2,249,241,0.7734204793,0.0005758468965,0.02399681013,0.9289760349,0.00006706822162,0.008189519011,0.722875817,0.001345636294,0.03668291556,a,,,
04_test.tif,1,2,252,242,0.754248366,0.001318723568,0.03631423368,0.928540305,0.0001760006835,0.01326652492,0.6727668845,0.005928916229,0.07699945603,a,,,
04_test.tif,1,2,255,243,0.7459694989,0.001329403221,0.03646098217,0.9167755991,0.0001452432825,0.0120516921,0.7237472767,0.002499466017,0.04999465989,a,,,
04_test.tif,1,2,258,243,0.7603485839,0.001743346576,0.04175340197,0.9215686275,0.0001730103806,0.01315334104,0.7041394336,0.004075782819,0.06384185789,a,,,
04_test.tif,1,2,261,244,0.8017429194,0.001303772053,0.03610778384,0.9302832244,0.00008757315562,0.009358052983,0.7459694989,0.001506258277,0.03881054337,a,,,
04_test.tif,1,2,264,246,0.7860566449,0.0007924302619,0.02815013787,0.9263616558,0.00007219445512,0.008496732026,0.7555555556,0.000861207228,0.02934633245,a,,,
04_test.tif,1,2,266,247,0.8008714597,0.0007642359776,0.02764481828,0.9233115468,0.000088854714,0.009426277844,0.7289760349,0.002546883677,0.05046665907,a,,,
04_test.tif,1,2,269,248,0.7769063181,0.001447306591,0.0380434829,0.9298474946,0.0001016702977,0.01008316903,0.711546841,0.007828185741,0.0884770351,a,,,
04_test.tif,1,2,273,249,0.7511982571,0.0002580204195,0.01606301402,0.9159041394,0.00008501003887,0.009220088876,0.6736383442,0.001379383998,0.0371400592,a,,,
04_test.tif,1,3,237,217,0.7498910675,0.0008641975309,0.02939723679,0.8941176471,0.0002229911572,0.01493288844,0.6596949891,0.004712717331,0.06864923402,v,,,
04_test.tif,1,3,240,218,0.7281045752,0.0005767012687,0.02401460532,0.8893246187,0.0000529710795,0.00727812335,0.6117647059,0.002472126105,0.04972047974,v,,,
04_test.tif,1,3,243,219,0.7037037037,0.00151907386,0.03897529808,0.8836601307,0.0001768550557,0.01329868624,0.5973856209,0.0009496347559,0.0308161444,v,,,
04_test.tif,1,3,246,221,0.7054466231,0.0008706053227,0.0295060218,0.88583878,0.00008244692212,0.009080028751,0.6697167756,0.01053740015,0.1026518395,v,,,
04_test.tif,1,3,249,222,0.6832244009,0.001225596993,0.03500852743,0.882788671,0.0001324276987,0.01150772344,0.5947712418,0.01327950788,0.1152367471,v,,,
04_test.tif,1,3,252,223,0.7102396514,0.001631850997,0.04039617553,0.8936819172,0.0001055149729,0.01027204813,0.6043572985,0.01287368106,0.1134622451,v,,,
04_test.tif,1,3,254,225,0.6984749455,0.0007014396172,0.02648470535,0.8928104575,0.0001153402537,0.01073965799,0.5538126362,0.01041821522,0.1020696586,v,,,
04_test.tif,1,3,257,227,0.7346405229,0.0003921568627,0.01980295086,0.8941176471,0.000092272203,0.009605842129,0.6688453159,0.005110000427,0.07148426699,v,,,
04_test.tif,1,3,260,228,0.7250544662,0.002012473835,0.04486060449,0.8954248366,0.0004190695886,0.02047118923,0.5917211329,0.006768336964,0.08226990315,v,,,
04_test.tif,1,3,263,229,0.6923747277,0.001096159597,0.03310830102,0.8723311547,0.0002311076936,0.0152022266,0.6649237473,0.005905848178,0.07684951645,v,,,
04_test.tif,1,3,266,230,0.6976034858,0.000509205861,0.0225655902,0.8779956427,0.0001324276987,0.01150772344,0.645751634,0.005274894271,0.07262846736,v,,,
04_test.tif,1,3,268,232,0.6945533769,0.001547268145,0.03933532947,0.8762527233,0.0004617882011,0.02148925781,0.6496732026,0.009623221838,0.09809802158,v,,,
04_test.tif,1,3,271,233,0.6893246187,0.001125635439,0.0335504909,0.8819172113,0.0002785253535,0.01668907887,0.6135076253,0.006705540604,0.08188736535,v,,,
04_test.tif,1,3,274,235,0.7211328976,0.0005207398864,0.02281972582,0.8797385621,0.000092272203,0.009605842129,0.6936819172,0.006110897518,0.07817222984,v,,,
04_test.tif,1,3,277,236,0.7233115468,0.001376820881,0.03710553706,0.8814814815,0.0002644282114,0.01626124876,0.6527233115,0.005871246102,0.07662405694,v,,,
04_test.tif,1,3,280,237,0.7032679739,0.0006881968474,0.0262335062,0.8762527233,0.0003003118459,0.01732950795,0.6326797386,0.002502883506,0.05002882675,v,,,
04_test.tif,1,4,274,196,0.840087146,0.001375539322,0.03708826395,0.9385620915,0.0001614763552,0.0127073347,0.8213507625,0.00119612115,0.03458498446,a,,,
04_test.tif,1,4,272,195,0.8283224401,0.001437054124,0.03790849673,0.9254901961,0.0002499038831,0.01580834853,0.8039215686,0.002560553633,0.05060191334,a,,,
04_test.tif,1,4,269,192,0.862745098,0.0009342560554,0.03056560249,0.9250544662,0.0004246230082,0.02060638271,0.8396514161,0.001462685292,0.03824506886,a,,,
04_test.tif,1,4,267,191,0.8705882353,0.002433679354,0.04933233579,0.9333333333,0.000461361015,0.02147931598,0.877124183,0.002341407151,0.04838808894,a,,,
04_test.tif,1,4,265,188,0.8352941176,0.001118800461,0.03344847472,0.9272331155,0.0003618266479,0.01902174145,0.8326797386,0.003121876201,0.05587375235,a,,,
04_test.tif,1,4,263,186,0.8348583878,0.0009282754496,0.03046761313,0.9263616558,0.0001029518561,0.01014651941,0.8348583878,0.001428083216,0.0377899883,a,,,
04_test.tif,1,4,260,184,0.8479302832,0.002298261352,0.04794018515,0.9093681917,0.000632235465,0.02514429289,0.8483660131,0.001534025375,0.03916663599,a,,,
04_test.tif,1,4,255,180,0.8326797386,0.00108804306,0.03298549773,0.9089324619,0.0003220983382,0.01794709832,0.8274509804,0.002998846597,0.05476172566,a,,,
04_test.tif,1,5,294,164,0.8871459695,0.0003220983382,0.01794709832,0.9272331155,0.0001311461404,0.01145190553,0.8832244009,0.003071041053,0.05541697441,a,,,
04_test.tif,1,5,295,167,0.8562091503,0.0009265667051,0.03043955823,0.911546841,0.0003233798966,0.01798276666,0.8753812636,0.002067580845,0.04547065917,a,,,
04_test.tif,1,5,296,170,0.8614379085,0.0009111880046,0.03018589082,0.9150326797,0.0001768550557,0.01329868624,0.8906318083,0.0005860993635,0.02420948912,a,,,
04_test.tif,1,5,297,173,0.897167756,0.0008411294801,0.02900223233,0.9311546841,0.0002580204195,0.01606301402,0.8684095861,0.0006578666325,0.02564891094,a,,,
04_test.tif,1,5,297,176,0.8675381264,0.001325558546,0.03640822086,0.9241830065,0.0002268358324,0.01506107009,0.8684095861,0.001476782434,0.03842892705,a,,,
04_test.tif,1,5,297,180,0.8949891068,0.002367465505,0.04865660803,0.9490196078,0.000645905421,0.02541466941,0.8431372549,0.0007151095732,0.02674153274,a,,,
04_test.tif,1,5,297,183,0.9106753813,0.0006642744244,0.02577352177,0.9568627451,0.0003806228374,0.01950955759,0.9010893246,0.0002029134094,0.01424476779,a,,,
04_test.tif,1,5,300,185,0.8906318083,0.0009551881755,0.03090611874,0.939869281,0.0001691657055,0.01300637173,0.8976034858,0.003042846768,0.05516200475,a,,,
04_test.tif,1,5,301,188,0.8945533769,0.001581870221,0.03977273213,0.939869281,0.0002614379085,0.01616904167,0.9119825708,0.00133837413,0.036583796,a,,,
04_test.tif,1,5,301,191,0.8697167756,0.0009641590841,0.03105091116,0.9302832244,0.0003836131402,0.01958604453,0.851416122,0.002193173566,0.04683133103,a,,,
04_test.tif,1,5,301,195,0.888453159,0.0007578281857,0.02752867933,0.9450980392,0.000153787005,0.01240108886,0.8788671024,0.001466529967,0.03829529954,a,,,
04_test.tif,2,1,334,143,0.8671023965,0.0008898286984,0.02982999662,0.922875817,0.0002998846597,0.01731717817,0.8592592593,0.001089751805,0.03301138902,a,,,
04_test.tif,2,1,335,146,0.7895424837,0.00155324875,0.03941127695,0.9128540305,0.0001990687342,0.01410917199,0.7620915033,0.01133025759,0.1064436827,a,,,
04_test.tif,2,1,337,148,0.7952069717,0.000868042206,0.029462556,0.9076252723,0.0001965056175,0.01401804614,0.7459694989,0.002959545474,0.0544017047,a,,,
04_test.tif,2,1,340,150,0.8265795207,0.0007334785766,0.02708280961,0.9167755991,0.0002029134094,0.01424476779,0.7516339869,0.003018069973,0.05493696363,a,,,
04_test.tif,2,1,342,153,0.8461873638,0.001321713871,0.03635538297,0.9215686275,0.0001806997309,0.01344246,0.8008714597,0.002651971464,0.0514972957,a,,,
04_test.tif,2,1,344,155,0.8222222222,0.002222222222,0.04714045208,0.9098039216,0.000461361015,0.02147931598,0.7882352941,0.001776239908,0.04214546129,a,,,
04_test.tif,2,1,346,157,0.8339869281,0.001138023837,0.03373460889,0.9294117647,0.000399846213,0.01999615496,0.7986928105,0.002860438293,0.05348306548,a,,,
04_test.tif,2,1,347,160,0.8318082789,0.00141654919,0.03763707202,0.9180827887,0.0004746037849,0.02178540302,0.8248366013,0.001814686659,0.04259913918,a,,,
04_test.tif,2,1,349,162,0.8222222222,0.0007189542484,0.02681332222,0.922875817,0.0003114186851,0.01764705882,0.7703703704,0.001165363749,0.03413742446,a,,,
04_test.tif,2,1,351,165,0.8431372549,0.002029988466,0.04505539331,0.9333333333,0.0004190695886,0.02047118923,0.7960784314,0.001418685121,0.03766543669,a,,,
04_test.tif,2,1,352,168,0.8440087146,0.001529326327,0.0391066021,0.9355119826,0.00058097313,0.0241033842,0.8244008715,0.002232901875,0.04725359114,a,,,
04_test.tif,2,1,354,170,0.8248366013,0.003010380623,0.05486693561,0.9220043573,0.0008590712974,0.02930991807,0.8204793028,0.003713101798,0.06093522625,a,,,
04_test.tif,2,1,356,173,0.8405228758,0.001522491349,0.03901911518,0.9206971678,0.0007411679269,0.02722439948,0.7899782135,0.002361057713,0.04859071632,a,,,
04_test.tif,2,2,367,172,0.8331154684,0.003022341834,0.05497582955,0.9385620915,0.0008150711265,0.02854945055,0.7612200436,0.0024661455,0.04966030104,a,,,
04_test.tif,2,2,370,171,0.8152505447,0.006207014396,0.07878460761,0.9215686275,0.001341791619,0.03663047391,0.7803921569,0.002591311034,0.05090492151,a,,,
04_test.tif,2,2,373,169,0.8261437908,0.002921953095,0.05405509315,0.9324618736,0.0004912640437,0.02216447707,0.7281045752,0.01120338331,0.1058460359,a,,,
04_test.tif,2,2,381,165,0.8183006536,0.006566705113,0.0810352091,0.934204793,0.0004874193686,0.02207757615,0.7577342048,0.007096415908,0.08424022738,a,,,
04_test.tif,2,2,384,164,0.8544662309,0.004046306976,0.06361058855,0.9180827887,0.001212781409,0.03482501125,0.8169934641,0.001830065359,0.04277926319,a,,,
04_test.tif,2,3,392,123,0.7677559913,0.001979153317,0.04448767601,0.8509803922,0.0004882737409,0.022096917,0.7838779956,0.003123584946,0.05588904138,v,,,
04_test.tif,2,3,392,126,0.7738562092,0.001476355248,0.03842336851,0.8705882353,0.0006958861976,0.02637965499,0.7389978214,0.002061173053,0.04540014376,v,,,
04_test.tif,2,3,392,129,0.7490196078,0.002633602461,0.05131863658,0.8788671024,0.001116664531,0.0334165308,0.6688453159,0.0118381819,0.1088034094,v,,,
04_test.tif,2,3,392,132,0.8017429194,0.002188047332,0.0467765682,0.8710239651,0.00078602247,0.02803609227,0.7564270153,0.002216241616,0.04707697544,v,,,
04_test.tif,2,3,392,135,0.7795206972,0.00407450126,0.06383182012,0.8758169935,0.001445597847,0.03802101849,0.722875817,0.001941560938,0.04406314717,v,,,
04_test.tif,2,3,391,138,0.7477124183,0.0007535563245,0.02745098039,0.8718954248,0.0006382160707,0.02526293868,0.6740740741,0.01271220471,0.1127484133,v,,,
04_test.tif,2,3,391,141,0.7803921569,0.0007420222991,0.02724008625,0.8967320261,0.0003229527105,0.01797088508,0.6958605664,0.009669785125,0.09833506559,v,,,
04_test.tif,2,3,391,145,0.7877995643,0.001889444231,0.04346773782,0.8762527233,0.0008770131146,0.02961440721,0.7015250545,0.01418855996,0.1191157418,v,,,
04_test.tif,2,3,391,148,0.7812636166,0.0007603913025,0.02757519361,0.8592592593,0.0002246999017,0.01498999339,0.7468409586,0.008208808578,0.09060247556,v,,,
04_test.tif,2,3,391,151,0.7389978214,0.001253791277,0.03540891522,0.845751634,0.0008458285275,0.02908313132,0.7281045752,0.003971549404,0.06302023012,v,,,
04_test.tif,2,4,389,185,0.6685340803,0.001660313799,0.04074694834,0.8440709617,0.0009640980575,0.03104992846,0.649859944,0.008789147031,0.09375045083,v,,,
04_test.tif,2,4,391,182,0.6821661998,0.00248900606,0.04988993947,0.8582633053,0.001084637777,0.03293383939,0.6147525677,0.005256293367,0.07250029908,v,,,
04_test.tif,2,4,392,179,0.6881419234,0.002593800919,0.05092937187,0.858636788,0.0006989253218,0.0264371958,0.6830999066,0.002787572545,0.05279746722,v,,,
04_test.tif,2,4,394,177,0.6909430439,0.002155507955,0.04642744829,0.8513538749,0.0007764779114,0.02786535324,0.6631185808,0.008170557112,0.09039113403,v,,,
04_test.tif,2,4,396,174,0.6972922502,0.002526134637,0.0502606669,0.8522875817,0.001187748302,0.03446372444,0.6758169935,0.007934384211,0.08907516046,v,,,
04_test.tif,2,4,399,172,0.7032679739,0.004491093169,0.06701561885,0.8618113912,0.001502352575,0.03876019318,0.6435107376,0.005623844309,0.074992295,v,,,
04_test.tif,2,4,401,170,0.687394958,0.005893337727,0.07676807753,0.8532212885,0.001715603889,0.04141984897,0.6001867414,0.008671243661,0.09311951278,v,,,
04_test.tif,2,4,403,167,0.6694677871,0.002537705278,0.05037564171,0.837535014,0.0008374800901,0.02893924826,0.6479925303,0.01073111074,0.1035910746,v,,,
04_test.tif,2,4,406,165,0.6922502334,0.00386254371,0.06214936613,0.8485527544,0.0009142271288,0.03023618906,0.6386554622,0.007983522821,0.08935056139,v,,,
04_test.tif,2,4,409,164,0.7236227824,0.00476834917,0.06905323432,0.8584500467,0.0009410300068,0.03067621239,0.6599439776,0.007806448069,0.08835410613,v,,,
04_test.tif,2,4,411,162,0.7820728291,0.003058164442,0.05530067307,0.8713352007,0.001122059281,0.03349715333,0.756302521,0.01071324216,0.1035047929,v,,,
04_test.tif,2,4,414,161,0.7518207283,0.003657274675,0.06047540553,0.873015873,0.001084930704,0.0329382863,0.710550887,0.005803335713,0.07617962794,v,,,
04_test.tif,2,4,417,159,0.7798319328,0.004169605097,0.06457247941,0.8872082166,0.0009118104758,0.03019619969,0.7180205415,0.007589242233,0.087116257,v,,,
04_test.tif,2,4,420,158,0.7609710551,0.004904999908,0.07003570453,0.8733893557,0.001032130499,0.03212678788,0.6890756303,0.007621903663,0.08730351461,v,,,
04_test.tif,2,4,423,157,0.7499533147,0.005574632467,0.07466346139,0.8599439776,0.001085955951,0.03295384577,0.6773109244,0.01272455649,0.1128031759,v,,,
04_test.tif,2,4,426,156,0.7574229692,0.00487241171,0.06980266263,0.8696545285,0.001379322971,0.03713923762,0.6685340803,0.01377257831,0.1173566288,v,,,
04_test.tif,3,1,420,340,0.8396514161,0.01066683754,0.1032803831,0.9119825708,0.001792045794,0.04233256187,0.8008714597,0.005889187919,0.07674104455,a,,,
04_test.tif,3,1,423,339,0.8583877996,0.006433850229,0.08021128492,0.928540305,0.001010295186,0.03178514096,0.8061002179,0.004802426417,0.06929954125,a,,,
04_test.tif,3,1,426,339,0.8339869281,0.01171472511,0.1082345837,0.9272331155,0.002280319535,0.04775269139,0.7651416122,0.0108590713,0.1042068678,a,,,
04_test.tif,3,1,429,339,0.8135076253,0.009339143065,0.09663924185,0.937254902,0.00122260669,0.03496579314,0.7324618736,0.00805758469,0.0897640501,a,,,
04_test.tif,3,1,433,338,0.794335512,0.007916613268,0.08897535203,0.9272331155,0.000673245333,0.02594697156,0.768627451,0.005609381007,0.074895801,a,,,
04_test.tif,3,1,436,338,0.7734204793,0.01070656585,0.1034725367,0.9180827887,0.001224315434,0.03499021912,0.7272331155,0.003103080012,0.05570529609,a,,,
04_test.tif,3,1,439,338,0.8047930283,0.006442821137,0.08026718593,0.928540305,0.000775770003,0.02785264804,0.7237472767,0.003141526763,0.05604932438,a,,,
04_test.tif,3,1,442,338,0.7965141612,0.00970566876,0.09851735258,0.9193899782,0.001484471784,0.03852884354,0.7555555556,0.002245290273,0.04738449401,a,,,
04_test.tif,3,1,445,339,0.7803921569,0.003444828912,0.05869266489,0.9076252723,0.001088470246,0.03299197246,0.7647058824,0.001268742791,0.03561941593,a,,,
04_test.tif,3,1,448,340,0.8156862745,0.002087658593,0.04569090274,0.9193899782,0.0008462557136,0.02909047462,0.765577342,0.002974924174,0.05454286548,a,,,
04_test.tif,3,1,451,341,0.8047930283,0.00174847281,0.04181474393,0.908496732,0.0005882352941,0.0242535625,0.7673202614,0.009323337178,0.09655742943,a,,,
04_test.tif,3,1,454,342,0.7843137255,0.004248366013,0.06517949074,0.8993464052,0.00137254902,0.03704792868,0.7755991285,0.003021060276,0.05496417266,a,,,
04_test.tif,3,1,457,342,0.8139433551,0.002464863941,0.04964739612,0.9211328976,0.0006053227391,0.02460330748,0.7677559913,0.003651586996,0.06042836252,a,,,
04_test.tif,3,1,460,343,0.7551198257,0.002826263403,0.05316261283,0.9032679739,0.0007420222991,0.02724008625,0.7176470588,0.004009996155,0.06332453044,a,,,
04_test.tif,3,1,463,344,0.8026143791,0.006643598616,0.0815082733,0.9233115468,0.00166132684,0.04075937733,0.7394335512,0.001903541373,0.04362959286,a,,,
04_test.tif,3,1,466,343,0.7755991285,0.003367081037,0.05802655459,0.9137254902,0.001038062284,0.03221897397,0.6836601307,0.005990003845,0.07739511512,a,,,
04_test.tif,3,1,469,344,0.7638344227,0.001048741937,0.03238428534,0.9080610022,0.0005002349524,0.02236593285,0.6923747277,0.001149985048,0.03391142947,a,,,
04_test.tif,3,1,473,343,0.7873638344,0.003201760007,0.05658409677,0.9054466231,0.001066683754,0.03266012483,0.7250544662,0.001804861378,0.04248366013,a,,,
04_test.tif,3,1,476,344,0.7825708061,0.002380281088,0.04878812446,0.9128540305,0.0006834978,0.02614379085,0.6941176471,0.0009919261822,0.03149485962,a,,,
04_test.tif,3,1,479,344,0.7350762527,0.001434491008,0.03787467502,0.8893246187,0.000129864582,0.01139581423,0.6649237473,0.001130761673,0.03362679992,a,,,
04_test.tif,3,1,483,344,0.7302832244,0.001260199069,0.03549928265,0.9063180828,0.0004130889829,0.0203245906,0.6222222222,0.001445597847,0.03802101849,a,,,
04_test.tif,3,2,396,359,0.8296296296,0.0004079627494,0.02019808777,0.9220043573,0.000109359648,0.01045751634,0.8352941176,0.002072279892,0.04552230104,a,,,
04_test.tif,3,2,397,362,0.8387799564,0.001024392328,0.03200612953,0.9154684096,0.000242641719,0.01557696116,0.8797385621,0.0004075355632,0.02018751008,a,,,
04_test.tif,3,2,398,365,0.8784313725,0.001649365629,0.0406123827,0.9311546841,0.0003579819727,0.01892041154,0.8801742919,0.002557136144,0.05056813368,a,,,
04_test.tif,3,2,399,368,0.865795207,0.0005335554701,0.02309881967,0.9193899782,0.0003003118459,0.01732950795,0.888453159,0.001880473322,0.04336442462,a,,,
04_test.tif,3,2,402,370,0.8727668845,0.0005655944295,0.02378222928,0.9202614379,0.0001922337562,0.01386483885,0.8461873638,0.001075654663,0.03279717462,a,,,
04_test.tif,3,2,403,373,0.8392156863,0.001964628989,0.04432413551,0.9320261438,0.0003613994617,0.01901050924,0.8091503268,0.002118415994,0.04602625331,a,,,
04_test.tif,3,2,404,376,0.8091503268,0.0008958093041,0.02993007357,0.9324618736,0.0001798453586,0.01341064348,0.7721132898,0.005530351574,0.07436633361,a,,,
04_test.tif,3,2,406,379,0.8178649237,0.0007193814345,0.02682128697,0.9394335512,0.0001849715921,0.01360042617,0.774291939,0.001599812038,0.03999765041,a,,,
04_test.tif,3,2,407,381,0.7834422658,0.0004835746935,0.02199033182,0.9163398693,0.0005344098424,0.02311730612,0.825708061,0.0008693237644,0.02948429691,a,,,
04_test.tif,3,2,409,384,0.7668845316,0.000796274937,0.02821834398,0.8984749455,0.000109359648,0.01045751634,0.7851851852,0.003655431672,0.06046016599,a,,,
04_test.tif,3,2,410,387,0.7202614379,0.001826220684,0.04273430337,0.8888888889,0.0003306420607,0.01818356568,0.7468409586,0.003525994276,0.05938008316,a,,,
04_test.tif,3,2,412,389,0.7803921569,0.001945405613,0.04410675247,0.9080610022,0.000427186125,0.02066848144,0.785620915,0.00370626682,0.06087911646,a,,,
04_test.tif,3,2,414,392,0.7769063181,0.001497287368,0.03869479769,0.9032679739,0.0002575932334,0.01604971132,0.7930283224,0.002605835362,0.0510473835,a,,,
04_test.tif,3,2,415,395,0.794335512,0.001161519074,0.03408106621,0.9089324619,0.0002298261352,0.01516001765,0.7847494553,0.0009590328506,0.03096825553,a,,,
04_test.tif,3,3,375,379,0.7725490196,0.006128412149,0.0782841756,0.8968325792,0.001156951468,0.0340139893,0.6904977376,0.004353355218,0.06597996073,v,,,
04_test.tif,3,3,377,381,0.7761689291,0.00644998472,0.08031179689,0.8823529412,0.001038062284,0.03221897397,0.7125188537,0.009381993119,0.09686068923,v,,,
04_test.tif,3,3,380,382,0.7803921569,0.003401255927,0.05832028744,0.8914027149,0.0005264247479,0.02294394796,0.6636500754,0.004798548882,0.06927155897,v,,,
04_test.tif,3,3,383,384,0.763800905,0.005090744191,0.07134945123,0.8917043741,0.001347016434,0.03670172249,0.6926093514,0.002605506758,0.05104416478,v,,,
04_test.tif,3,3,386,386,0.7936651584,0.004966137284,0.07047082577,0.9019607843,0.001253364091,0.03540288252,0.7499245852,0.003114581177,0.05580843285,v,,,
04_test.tif,3,3,388,387,0.7535444947,0.007404449965,0.08604911368,0.8932126697,0.0007129407821,0.02670095096,0.7417797888,0.006048561204,0.07777249645,v,,,
04_test.tif,3,3,391,389,0.6907993967,0.00396218417,0.06294588287,0.87239819,0.0004270546831,0.02066530143,0.633785822,0.008495549049,0.09217130274,v,,,
04_test.tif,3,3,393,391,0.7025641026,0.004556827256,0.06750427583,0.8588235294,0.0006638472382,0.02576523313,0.5849170437,0.006799554412,0.08245941069,v,,,
04_test.tif,3,3,395,393,0.7212669683,0.003938130305,0.06275452418,0.8781297134,0.0008188172202,0.02861498244,0.6123680241,0.003721251195,0.06100205894,v,,,
04_test.tif,3,3,398,395,0.7399698341,0.003340726939,0.05779902196,0.8877828054,0.000306391033,0.01750402905,0.6407239819,0.009408018612,0.09699494117,v,,,
04_test.tif,3,3,400,397,0.7303167421,0.003524679857,0.05936901428,0.8877828054,0.0004242944035,0.02059840779,0.5387631976,0.01176864914,0.1084834049,v,,,
04_test.tif,3,3,403,399,0.7369532428,0.007231735329,0.08503961035,0.8886877828,0.0007190528298,0.02681516045,0.6283559578,0.01149084672,0.107195367,v,,,
04_test.tif,3,3,405,401,0.7025641026,0.005118149824,0.07154124561,0.8763197587,0.0006987450586,0.02643378631,0.5728506787,0.01040743698,0.1020168466,v,,,
04_test.tif,3,3,407,403,0.7064856712,0.004026262089,0.06345283357,0.8657616893,0.0008821064876,0.02970027757,0.6045248869,0.00867831899,0.09315749562,v,,,
04_test.tif,3,3,409,406,0.7266968326,0.006388272755,0.07992667111,0.8588235294,0.001268742791,0.03561941593,0.7475113122,0.006496317984,0.08059973936,v,,,
04_test.tif,3,3,411,408,0.7176470588,0.00727156222,0.08527345554,0.869984917,0.00171433078,0.04140447778,0.6923076923,0.01660801073,0.1288720712,v,,,
04_test.tif,3,4,367,385,0.7716775599,0.00162159853,0.0402690766,0.888453159,0.0001465248409,0.01210474456,0.7468409586,0.005828954676,0.07634759116,v,,,
04_test.tif,3,4,366,388,0.7899782135,0.0002464863941,0.01569988516,0.88583878,0.0002708360032,0.01645709583,0.8165577342,0.003305566235,0.05749405391,v,,,
04_test.tif,3,4,365,391,0.7359477124,0.001099577086,0.03315987162,0.8736383442,0.0002913409372,0.01706871223,0.7773420479,0.001583151779,0.03978883988,v,,,
04_test.tif,3,4,363,393,0.7651416122,0.0008898286984,0.02982999662,0.888453159,0.0005386817036,0.02320951752,0.7442265795,0.008407450126,0.09169214866,v,,,
04_test.tif,3,4,362,396,0.7703703704,0.002045794353,0.04523045824,0.8976034858,0.000539963262,0.02323710959,0.7830065359,0.004356016917,0.06600012816,v,,,
04_test.tif,3,4,361,399,0.7525054466,0.001066683754,0.03266012483,0.8806100218,0.0004118074245,0.02029303882,0.7603485839,0.002716049383,0.05211573066,v,,,
04_test.tif,3,4,360,402,0.7276688453,0.0007193814345,0.02682128697,0.8862745098,0.000522875817,0.02286647802,0.7633986928,0.004429065744,0.06655122646,v,,,
04_test.tif,3,4,360,405,0.6945533769,0.0004323123585,0.02079212251,0.8718954248,0.0006074586697,0.02464667665,0.7071895425,0.0046212995,0.06798014048,v,,,
04_test.tif,3,4,359,408,0.7206971678,0.001079499338,0.03285573524,0.8745098039,0.0004882737409,0.022096917,0.7424836601,0.009596309112,0.09796075292,v,,,
04_test.tif,3,4,358,412,0.7063180828,0.0008244692212,0.02871357207,0.8775599129,0.0002182921099,0.01477471184,0.6962962963,0.005744371823,0.07579163425,v,,,
04_test.tif,3,4,358,415,0.7058823529,0.002418300654,0.04917622041,0.8880174292,0.0005233030031,0.02287581699,0.6649237473,0.001438335683,0.03792539628,v,,,
04_test.tif,3,4,357,418,0.7189542484,0.0008688965782,0.02947705172,0.8788671024,0.0003669528814,0.01915601423,0.7307189542,0.004413687043,0.06643558567,v,,,
04_test.tif,4,1,320,359,0.8261437908,0.0008804306036,0.02967205088,0.968627451,0,0,0.8008714597,0.00207142552,0.04551291597,a,,,
04_test.tif,4,1,319,362,0.7978213508,0.001019266094,0.03192594704,0.968627451,0,0,0.7677559913,0.001210218292,0.03478819185,a,,,
04_test.tif,4,1,317,365,0.8017429194,0.001207655175,0.03475133343,0.968627451,0,0,0.7368191721,0.002393096672,0.04891928732,a,,,
04_test.tif,4,1,315,367,0.8047930283,0.0004143705412,0.02035609347,0.968627451,0,0,0.7468409586,0.0004310308001,0.02076128127,a,,,
04_test.tif,4,1,314,370,0.8165577342,0.001671579307,0.04088495209,0.9503267974,0.0002883506344,0.01698089027,0.7673202614,0.003629373318,0.06024428038,a,,,
04_test.tif,4,1,312,372,0.8265795207,0.004109103336,0.06410228807,0.9381263617,0.0006450510487,0.0253978552,0.7808278867,0.003807937118,0.06170848498,a,,,
04_test.tif,4,1,309,374,0.8466230937,0.003965568798,0.06297276235,0.9433551198,0.0009961980435,0.03156260514,0.7899782135,0.001392199581,0.03731219079,a,,,
04_test.tif,4,1,307,377,0.8318082789,0.001420393866,0.03768811305,0.9359477124,0.0002883506344,0.01698089027,0.759912854,0.001563928404,0.03954653466,a,,,
04_test.tif,4,1,304,379,0.8213507625,0.001815113845,0.04260415291,0.9320261438,0.0004036908881,0.02009206033,0.7851851852,0.001356315947,0.036828195,a,,,
04_test.tif,4,1,301,381,0.7673202614,0.001011149558,0.03179857792,0.9389978214,0.0002810884702,0.01676569325,0.734204793,0.004201375539,0.06481801863,a,,,
04_test.tif,4,1,300,384,0.7747276688,0.0006886240335,0.02624164693,0.922875817,0.0009073433295,0.03012214019,0.762962963,0.005613652869,0.07492431427,a,,,
04_test.tif,4,1,298,386,0.762962963,0.0005655944295,0.02378222928,0.9224400871,0.000437438592,0.02091503268,0.7721132898,0.0008975180486,0.02995860559,a,,,
04_test.tif,4,1,296,389,0.7777777778,0.001480199923,0.03847336641,0.9459694989,0.0001529326327,0.01236659342,0.754248366,0.001783929258,0.04223658672,a,,,
04_test.tif,4,1,295,392,0.7490196078,0.001683967705,0.04103617556,0.9403050109,0.000191379384,0.01383399378,0.7076252723,0.003133837413,0.05598068786,a,,,
04_test.tif,4,1,294,395,0.7533769063,0.0005438079371,0.0233196899,0.9289760349,0.0003015934042,0.01736644478,0.7159041394,0.001238412576,0.0351910866,a,,,
04_test.tif,4,1,293,399,0.7712418301,0.001595540177,0.03994421331,0.9224400871,0.0004912640437,0.02216447707,0.7276688453,0.005129223803,0.07161859956,a,,,
05_test.tif,1,1,91,144,0.8278867102,0.00155880217,0.03948166879,0.9320261438,0.0001960784314,0.01400280084,0.7729847495,0.005418855996,0.07361287928,a,,,
05_test.tif,1,1,91,147,0.8361655773,0.0006758084497,0.02599631608,0.937254902,0.00003844675125,0.006200544432,0.7978213508,0.00166901619,0.04085359458,a,,,
05_test.tif,1,1,90,150,0.8169934641,0.001030372933,0.03209942263,0.9324618736,0.0001375539322,0.01172833885,0.7825708061,0.007124610193,0.08440740603,a,,,
05_test.tif,1,1,90,153,0.8043572985,0.001520355419,0.03899173526,0.9328976035,0.0002246999017,0.01498999339,0.759912854,0.009007219446,0.094906372,a,,,
05_test.tif,1,1,90,157,0.8178649237,0.0002695544449,0.01641811332,0.9355119826,0.0000427186125,0.006535947712,0.7851851852,0.006066042975,0.0778848058,a,,,
05_test.tif,1,1,89,160,0.8396514161,0.0009244307745,0.0304044532,0.9350762527,0.000058097313,0.00762215934,0.8204793028,0.008199837669,0.09055295506,a,,,
05_test.tif,1,1,89,163,0.8427015251,0.0001439617241,0.01199840507,0.94291939,0.0001080780896,0.01039606126,0.7529411765,0.0004805843906,0.02192223507,a,,,
05_test.tif,1,1,88,166,0.8470588235,0.001026528258,0.03203947968,0.9459694989,0.0001067965312,0.01033424072,0.8034858388,0.003650305438,0.06041775764,a,,,
05_test.tif,1,1,87,169,0.8461873638,0.001071809988,0.03273850925,0.9411764706,0.0001345636294,0.01160015644,0.8226579521,0.001483190226,0.03851220879,a,,,
05_test.tif,1,1,86,172,0.8352941176,0.0007497116494,0.02738086283,0.9294117647,0.00005382545175,0.007336583111,0.8405228758,0.002556708958,0.05056390964,a,,,
05_test.tif,1,1,85,175,0.8178649237,0.0004118074245,0.02029303882,0.9246187364,0.000037592379,0.006131262431,0.7786492375,0.002895467555,0.05380954892,a,,,
05_test.tif,1,1,83,177,0.8518518519,0.001240975693,0.03522748491,0.9237472767,0.0001465248409,0.01210474456,0.825708061,0.003775898159,0.06144833732,a,,,
05_test.tif,2,1,124,153,0.8161220044,0.000539963262,0.02323710959,0.9337690632,0.0001170489982,0.01081891853,0.7960784314,0.003663975394,0.06053078055,a,,,
05_test.tif,2,1,122,156,0.7978213508,0.0004810115767,0.02193197612,0.937254902,0.0001268742791,0.01126384833,0.7481481481,0.001590841129,0.03988534981,a,,,
05_test.tif,2,1,120,159,0.8135076253,0.001034644795,0.0321658949,0.9289760349,0.0001132043231,0.01063975202,0.779956427,0.004127045154,0.06424208242,a,,,
05_test.tif,2,1,119,162,0.820043573,0.0007283523431,0.02698800369,0.9481481481,0.0001183305566,0.01087798495,0.7830065359,0.00276047674,0.05254023924,a,,,
05_test.tif,2,1,118,165,0.8252723312,0.0009308385664,0.0305096471,0.9416122004,0.0001208936734,0.01099516591,0.7834422658,0.004347473194,0.06593537134,a,,,
05_test.tif,2,1,117,167,0.8322440087,0.0006335170234,0.02516976407,0.9446623094,0.00006706822162,0.008189519011,0.7912854031,0.008257507796,0.09087083028,a,,,
05_test.tif,2,1,116,170,0.8413943355,0.000396428724,0.01991051792,0.9511982571,0.0000734760135,0.008571815064,0.7960784314,0.007497116494,0.08658589085,a,,,
05_test.tif,2,1,115,173,0.8217864924,0.0008424110385,0.02902431805,0.9381263617,0.0001567773079,0.01252107455,0.7494553377,0.00216626084,0.04654310733,a,,,
05_test.tif,2,1,114,176,0.8148148148,0.0003874578154,0.01968394817,0.9289760349,0.0001208936734,0.01099516591,0.7681917211,0.003223546499,0.05677628465,a,,,
05_test.tif,2,1,113,179,0.8418300654,0.0003883121876,0.01970563847,0.9320261438,0.00006535947712,0.008084520835,0.7978213508,0.0008501003887,0.02915648108,a,,,
05_test.tif,2,1,111,182,0.8444444444,0.0007766243752,0.02786798118,0.9294117647,0.0001460976547,0.01208708628,0.865795207,0.0006412063736,0.02532205311,a,,,
05_test.tif,2,1,109,184,0.8352941176,0.0006574394464,0.02564058202,0.9254901961,0.00008073817762,0.008985442539,0.825708061,0.001780511769,0.04219611083,a,,,
05_test.tif,2,2,144,175,0.7481481481,0.0003836131402,0.01958604453,0.9002178649,0.0004002733991,0.02000683381,0.6283224401,0.003436285189,0.05861983614,v,,,
05_test.tif,2,2,142,177,0.7437908497,0.0005113417916,0.02261286783,0.9063180828,0.0002439232774,0.01561804333,0.6640522876,0.006866589773,0.08286488866,v,,,
05_test.tif,2,2,140,179,0.7520697168,0.0009487803836,0.03080227887,0.9128540305,0.0001029518561,0.01014651941,0.6470588235,0.006824298347,0.0826093115,v,,,
05_test.tif,2,2,137,181,0.7777777778,0.001022683583,0.03197942437,0.8967320261,0.0003844675125,0.01960784314,0.7294117647,0.00585928489,0.07654596587,v,,,
05_test.tif,2,2,135,183,0.7533769063,0.001185868683,0.03443644411,0.8997821351,0.000457943526,0.02139961509,0.588671024,0.0171028237,0.1307777645,v,,,
05_test.tif,2,2,132,185,0.754248366,0.001357170319,0.0368397926,0.891503268,0.0001114955786,0.01055914668,0.6662309368,0.003392712205,0.0582469931,v,,,
05_test.tif,2,2,130,187,0.7446623094,0.002627621855,0.05126033413,0.9037037037,0.0001388354906,0.01178284731,0.6274509804,0.007312572088,0.08551357838,v,,,
05_test.tif,2,2,127,188,0.7716775599,0.0008180614294,0.02860177319,0.8923747277,0.00008116536375,0.009009182191,0.7102396514,0.003069759494,0.05540541033,v,,,
05_test.tif,2,2,125,191,0.7603485839,0.002427698748,0.04927168303,0.9106753813,0.000529710795,0.02301544688,0.6440087146,0.007711563928,0.08781551075,v,,,
05_test.tif,2,3,163,252,0.8109803922,0.0008181468666,0.02860326671,0.9349019608,0.0003506343714,0.01872523355,0.7529411765,0.001168781238,0.03418744269,a,,,
05_test.tif,2,3,167,253,0.8290196078,0.002203767782,0.0469443051,0.9309803922,0.00009688581315,0.009843059136,0.791372549,0.005500961169,0.07416846479,a,,,
05_test.tif,2,3,170,252,0.8258823529,0.0007581699346,0.02753488577,0.9309803922,0.0002199154171,0.01482954541,0.7466666667,0.005417916186,0.07360649554,a,,,
05_test.tif,2,3,173,252,0.8423529412,0.0001030372933,0.01015072871,0.9419607843,0.0001568627451,0.01252448582,0.7623529412,0.002757401,0.05251096076,a,,,
05_test.tif,2,3,176,253,0.8305882353,0.003586312957,0.05988583269,0.9396078431,0.0002199154171,0.01482954541,0.7874509804,0.005777777778,0.07601169501,a,,,
05_test.tif,2,3,179,252,0.8180392157,0.0001353325644,0.01163325253,0.9419607843,0.0001030372933,0.01015072871,0.7364705882,0.0006489811611,0.02547510866,a,,,
05_test.tif,2,3,182,252,0.8290196078,0.002372933487,0.04871276514,0.9317647059,0.0002506728181,0.01583265038,0.7474509804,0.0008119953864,0.02849553274,a,,,
05_test.tif,2,3,185,253,0.8352941176,0.00214532872,0.04631769338,0.9356862745,0.0001045751634,0.01022619985,0.7921568627,0.006751249519,0.08216598761,a,,,
05_test.tif,2,3,188,254,0.8580392157,0.002740484429,0.05234963638,0.9380392157,0.0003490965013,0.01868412431,0.8298039216,0.002434448289,0.04934012859,a,,,
05_test.tif,2,3,191,254,0.8054901961,0.0006735870819,0.02595355625,0.9247058824,0.0001491733948,0.01221365608,0.7733333333,0.0007797001153,0.02792311077,a,,,
05_test.tif,2,3,194,255,0.8211764706,0.003733948481,0.06110604292,0.942745098,0.0002429834679,0.01558792699,0.7796078431,0.002932718185,0.05415457677,a,,,
05_test.tif,2,3,197,255,0.8109803922,0.001556324491,0.03945027871,0.942745098,0.00006612841215,0.008131937786,0.7443137255,0.003740099962,0.06115635667,a,,,
05_test.tif,3,1,104,337,0.814379085,0.0006997308727,0.02645242659,0.9246187364,0.0001413986074,0.01189111464,0.8017429194,0.001742065018,0.0417380524,a,,,
05_test.tif,3,1,106,339,0.8326797386,0.001130334487,0.03362044745,0.9324618736,0.0001221752317,0.01105329054,0.7647058824,0.007693194925,0.08771085979,a,,,
05_test.tif,3,1,108,342,0.8814814815,0.0003028749626,0.01740330321,0.937254902,0.00007304882737,0.008546860674,0.8339869281,0.001407151096,0.03751201269,a,,,
05_test.tif,3,1,110,345,0.8470588235,0.001376393695,0.03709978025,0.9328976035,0.000109359648,0.01045751634,0.7930283224,0.002890341322,0.0537618947,a,,,
05_test.tif,3,1,112,347,0.8374727669,0.0003695159981,0.01922279891,0.94291939,0.00001965056175,0.004432895414,0.7764705882,0.002122260669,0.04606800049,a,,,
05_test.tif,3,1,115,349,0.8448801743,0.0005771284549,0.02402349797,0.9346405229,0.0001422529796,0.01192698535,0.7882352941,0.002118415994,0.04602625331,a,,,
05_test.tif,3,1,118,350,0.8535947712,0.00169550173,0.04117647059,0.9302832244,0.0001067965312,0.01033424072,0.8034858388,0.005122816011,0.07157385005,a,,,
05_test.tif,3,1,120,351,0.8553376906,0.001247383485,0.03531831656,0.9389978214,0.00009654406425,0.009825683907,0.7376906318,0.001585714896,0.03982103585,a,,,
05_test.tif,3,1,123,353,0.8535947712,0.0006074586697,0.02464667665,0.9337690632,0.0002093212012,0.01446793701,0.7607843137,0.002479815456,0.04979774549,a,,,
05_test.tif,3,1,126,354,0.8178649237,0.001430646333,0.03782388574,0.9215686275,0.0002691272587,0.01640509856,0.7450980392,0.00245290273,0.049526788,a,,,
05_test.tif,3,1,128,356,0.8178649237,0.0012038105,0.03469597239,0.9298474946,0.0001516510744,0.01231466907,0.7111111111,0.002045367166,0.04522573567,a,,,
05_test.tif,3,1,131,358,0.8283224401,0.002136784997,0.04622537179,0.937254902,0.0003114186851,0.01764705882,0.7507625272,0.002172668632,0.04661189367,a,,,
05_test.tif,3,1,133,360,0.8435729847,0.002308513819,0.04804699595,0.9407407407,0.0002593019779,0.0161028562,0.7376906318,0.003992481524,0.06318608648,a,,,
05_test.tif,3,1,136,362,0.8309368192,0.0002054765261,0.01433445242,0.934204793,0.00003374770387,0.005809277397,0.7394335512,0.003422188047,0.05849947049,a,,,
05_test.tif,4,1,44,326,0.7708061002,0.000919304541,0.03032003531,0.8797385621,0.0001768550557,0.01329868624,0.6758169935,0.007212610534,0.08492708952,v,,,
05_test.tif,4,1,44,330,0.7747276688,0.0007539835106,0.02745876018,0.8901960784,0.0000768935025,0.008768894029,0.7424836601,0.005290272972,0.07273426271,v,,,
05_test.tif,4,1,44,333,0.7708061002,0.001096159597,0.03310830102,0.8832244009,0.0003682344397,0.01918943563,0.7411764706,0.007289504037,0.08537859238,v,,,
05_test.tif,4,1,44,336,0.7777777778,0.0008266051519,0.02875074176,0.882788671,0.0001862531505,0.01364745949,0.7272331155,0.003495236875,0.05912052837,v,,,
05_test.tif,4,1,43,339,0.7847494553,0.0009282754496,0.03046761313,0.8875816993,0.0001153402537,0.01073965799,0.7446623094,0.003888675296,0.06235924387,v,,,
05_test.tif,4,1,41,342,0.8052287582,0.000984236832,0.03137254902,0.8875816993,0.00009611687812,0.009803921569,0.7925925926,0.005349651843,0.0731413142,v,,,
05_test.tif,4,1,40,345,0.8130718954,0.0015301807,0.0391175242,0.8906318083,0.0002246999017,0.01498999339,0.7882352941,0.007789311803,0.08825707792,v,,,
05_test.tif,4,1,38,348,0.8004357298,0.0007437310436,0.02727143274,0.8923747277,0.0005694391046,0.02386292322,0.7407407407,0.005188175488,0.07202899061,v,,,
05_test.tif,4,1,37,351,0.7921568627,0.0006382160707,0.02526293868,0.9159041394,0.0004771669016,0.02184415028,0.711546841,0.002007347601,0.04480343292,v,,,
05_test.tif,4,1,35,353,0.8021786492,0.0009154598659,0.03025656732,0.8910675381,0.0004259045666,0.02063745543,0.7564270153,0.005603400402,0.07485586418,v,,,
05_test.tif,4,1,33,356,0.779956427,0.0004976718356,0.02230855969,0.8976034858,0.000232389252,0.01524431868,0.691503268,0.003298731257,0.05743458242,v,,,
05_test.tif,4,2,58,341,0.888627451,0.0003583237216,0.01892944061,0.9505882353,0.0001122645136,0.01059549497,0.848627451,0.0008427527874,0.02903020474,a,,,
05_test.tif,4,2,54,342,0.9694117647,0.0006566705113,0.02562558314,0.9662745098,0.0002968089196,0.01722814324,0.9568627451,0.0005459438677,0.02336544174,a,,,
05_test.tif,4,2,56,347,0.8501960784,0.0003183391003,0.01784205987,0.9192156863,0.0001276432141,0.01129792964,0.8345098039,0.002963475586,0.05443781394,a,,,
05_test.tif,4,2,54,349,0.8721568627,0.0007581699346,0.02753488577,0.9207843137,0.00008765859285,0.009362616774,0.8305882353,0.005462514418,0.07390882503,a,,,
05_test.tif,4,2,52,351,0.8360784314,0.0002106881968,0.01451510237,0.9411764706,0.000153787005,0.01240108886,0.7545098039,0.001196462899,0.03458992482,a,,,
05_test.tif,4,2,50,354,0.8415686275,0.0008504421376,0.02916234109,0.928627451,0.0003029603998,0.01740575766,0.8,0.002622068435,0.05120613669,a,,,
05_test.tif,4,2,48,357,0.8078431373,0.0004844290657,0.02200974933,0.9090196078,0.00007227989235,0.008501758192,0.7662745098,0.0004967320261,0.02228748586,a,,,
05_test.tif,4,2,46,359,0.8368627451,0.002941945406,0.05423970322,0.9270588235,0.0005890042291,0.02426940933,0.8078431373,0.005667051134,0.0752798189,a,,,
05_test.tif,4,3,72,336,0.8152505447,0.000816779871,0.02857936093,0.922875817,0.0002806612841,0.01675294852,0.7324618736,0.004935708488,0.07025459763,v,,,
05_test.tif,4,3,73,339,0.8,0.001291810842,0.03594177016,0.9241830065,0.000522875817,0.02286647802,0.7041394336,0.001165363749,0.03413742446,v,,,
05_test.tif,4,3,73,342,0.7952069717,0.0004412832671,0.02100674337,0.9124183007,0.000215301807,0.01467316622,0.6775599129,0.002859583921,0.05347507757,v,,,
05_test.tif,4,3,75,344,0.8126361656,0.0007488572771,0.02736525675,0.9241830065,0.0003037293349,0.01742783219,0.6692810458,0.004040753556,0.06356692187,v,,,
05_test.tif,4,3,76,347,0.8339869281,0.0005767012687,0.02401460532,0.9298474946,0.000293904054,0.01714363013,0.6941176471,0.003025759323,0.05500690251,v,,,
05_test.tif,4,3,77,351,0.7925925926,0.0006975949421,0.02641202268,0.911546841,0.0001388354906,0.01178284731,0.6644880174,0.01657482165,0.1287432392,v,,,
05_test.tif,4,3,78,354,0.7921568627,0.0003767781622,0.01941077439,0.9071895425,0.0001576316801,0.01255514556,0.7102396514,0.003315818702,0.05758314599,v,,,
05_test.tif,4,3,79,356,0.8191721133,0.001247383485,0.03531831656,0.9137254902,0.00008842752787,0.009403591222,0.6976034858,0.003627237387,0.06022655052,v,,,
05_test.tif,4,3,80,359,0.8130718954,0.0002845059592,0.01686730445,0.9002178649,0.0003733606732,0.01932254314,0.7333333333,0.005409457901,0.07354901699,v,,,
05_test.tif,4,3,82,362,0.8579520697,0.001656200607,0.04069644464,0.9041394336,0.0004733222265,0.0217559699,0.7938997821,0.005790507924,0.07609538701,v,,,